[ec2-user@ip-10-2-10-152 ~]$ mysql -u admin -p -P 3306 -h database-readreplica.ctwhlarg2ozh.us-west-1.rds.amazonaws.com
Enter password: 
Welcome to the MariaDB monitor.  Commands end with ; or \g.
Your MySQL connection id is 5
Server version: 5.7.22-log Source distribution

Copyright (c) 2000, 2018, Oracle, MariaDB Corporation Ab and others.

Type 'help;' or '\h' for help. Type '\c' to clear the current input statement.

MySQL [(none)]> use udacity;
Reading table information for completion of table and column names
You can turn off this feature to get a quicker startup with -A

Database changed
MySQL [udacity]> show tables;
+-------------------+
| Tables_in_udacity |
+-------------------+
| person            |
+-------------------+
1 row in set (0.00 sec)

MySQL [udacity]> select * from person;
+---------+-----------+------+------+
| name    | owner     | age  | sex  |
+---------+-----------+------+------+
| Person1 | Owner     |   25 | M    |
| Person2 | Worker    |   22 | F    |
| Person3 | President |   45 | M    |
| Person4 | Nurse     |   35 | F    |
+---------+-----------+------+------+
4 rows in set (0.00 sec)

MySQL [udacity]> INSERT INTO person values("Person5","Security",30,'M');
Query OK, 1 row affected (0.01 sec)

MySQL [udacity]> select * from person;
+---------+-----------+------+------+
| name    | owner     | age  | sex  |
+---------+-----------+------+------+
| Person1 | Owner     |   25 | M    |
| Person2 | Worker    |   22 | F    |
| Person3 | President |   45 | M    |
| Person4 | Nurse     |   35 | F    |
| Person5 | Security  |   30 | M    |
+---------+-----------+------+------+
5 rows in set (0.00 sec)